{
    "open_drawer": [
        [
            0.10261330753564835,
            -0.06472617387771606,
            0.9140162467956543
        ],
        [
            0.3657068908214569,
            0.4357367157936096,
            1.2285298109054565
        ]
    ],
    "meat_off_grill": [
        [
            -0.04940209910273552,
            -0.36016079783439636,
            1.0511349439620972
        ],
        [
            0.4341655671596527,
            0.3369610607624054,
            1.204141616821289
        ]
    ],
    "turn_tap": [
        [
            -0.01380503922700882,
            -0.1964014321565628,
            0.884225606918335
        ],
        [
            0.3865160644054413,
            0.20687243342399597,
            0.904780924320221
        ]
    ],
    "close_jar": [
        [
            -0.07010312378406525,
            -0.33692488074302673,
            0.761122465133667
        ],
        [
            0.525260329246521,
            0.40034544467926025,
            0.9308611154556274
        ]
    ],
    "reach_and_drag": [
        [
            0.04688065126538277,
            -0.35880398750305176,
            0.8532240390777588
        ],
        [
            0.449143648147583,
            0.3613968789577484,
            0.9964548945426941
        ]
    ],
    "stack_blocks": [
        [
            -0.023588871583342552,
            -0.36230161786079407,
            0.7738935351371765
        ],
        [
            0.5153677463531494,
            0.3734266459941864,
            0.9766916632652283
        ]
    ],
    "light_bulb_in": [
        [
            0.001793097471818328,
            -0.3829135000705719,
            0.8298617005348206
        ],
        [
            0.5069130063056946,
            0.3779933750629425,
            1.1727949380874634
        ]
    ],
    "put_money_in_safe": [
        [
            -0.0630522295832634,
            -0.3046140670776367,
            0.7885982990264893
        ],
        [
            0.24248018860816956,
            0.4337652325630188,
            1.2640599012374878
        ]
    ],
    "place_wine_at_rack_location": [
        [
            0.024810487404465675,
            -0.4179409146308899,
            0.9237268567085266
        ],
        [
            0.4800413250923157,
            0.21476222574710846,
            0.9975715279579163
        ]
    ],
    "put_groceries_in_cupboard": [
        [
            -0.014117705635726452,
            -0.40982696413993835,
            0.7639147639274597
        ],
        [
            0.5845679044723511,
            0.40632256865501404,
            1.39157235622406
        ]
    ],
    "place_shape_in_shape_sorter": [
        [
            -0.03223332017660141,
            -0.349908709526062,
            0.7616322636604309
        ],
        [
            0.48296216130256653,
            0.41828829050064087,
            0.8916336297988892
        ]
    ],
    "push_buttons": [
        [
            0.025005526840686798,
            -0.35272449254989624,
            0.7704468369483948
        ],
        [
            0.4750578701496124,
            0.3518211841583252,
            0.8459218144416809
        ]
    ],
    "insert_onto_square_peg": [
        [
            -0.059705402702093124,
            -0.4115047752857208,
            0.752871036529541
        ],
        [
            0.4984903931617737,
            0.37613850831985474,
            0.9694802165031433
        ]
    ]
}