{
    "reach_target": [
        [
            0.02677992545068264,
            -0.29710718989372253,
            0.7775897979736328
        ],
        [
            0.4708552956581116,
            0.31881025433540344,
            1.21543550491333
        ]
    ],
    "slide_block_to_target": [
        [
            -0.03281932696700096,
            -0.4474794864654541,
            0.7598549723625183
        ],
        [
            0.522365391254425,
            0.4317557215690613,
            0.7789291143417358
        ]
    ],
    "take_usb_out_of_computer": [
        [
            0.02406327798962593,
            -0.48011332750320435,
            0.8749684691429138
        ],
        [
            0.4298414885997772,
            0.3747768998146057,
            0.8763575553894043
        ]
    ],
    "turn_tap": [
        [
            0.09151671826839447,
            -0.20481260120868683,
            0.8799134492874146
        ],
        [
            0.40136539936065674,
            0.199827641248703,
            0.8992501497268677
        ]
    ],
    "unplug_charger": [
        [
            -0.02945627272129059,
            -0.29719048738479614,
            0.9654761552810669
        ],
        [
            0.42611706256866455,
            0.23461900651454926,
            0.9759531021118164
        ]
    ],
    "take_lid_off_saucepan": [
        [
            0.1488279104232788,
            -0.29649272561073303,
            0.8473185300827026
        ],
        [
            0.3940749168395996,
            0.25496160984039307,
            0.9680889844894409
        ]
    ],
    "take_umbrella_out_of_umbrella_stand": [
        [
            -0.13834935426712036,
            -0.4171779453754425,
            0.9873540997505188
        ],
        [
            0.4437467157840729,
            0.4159110188484192,
            1.2332133054733276
        ]
    ],
    "toilet_seat_up": [
        [
            -0.12428393959999084,
            -0.40748703479766846,
            0.9867345094680786
        ],
        [
            0.4470200538635254,
            0.30486559867858887,
            1.22821843624115
        ]
    ],
    "turn_oven_on": [
        [
            -0.0005436539649963379,
            -0.03253566473722458,
            1.2411201000213623
        ],
        [
            0.526003897190094,
            0.39879217743873596,
            1.2458980083465576
        ]
    ],
    "scoop_with_spatula": [
        [
            -0.036182232201099396,
            -0.3804638385772705,
            0.7833231687545776
        ],
        [
            0.4552796483039856,
            0.5420633554458618,
            0.9075736403465271
        ]
    ],
    "take_frame_off_hanger": [
        [
            -0.07169166207313538,
            -0.3341614902019501,
            0.8592662811279297
        ],
        [
            0.5680904388427734,
            0.3948049247264862,
            0.9845865964889526
        ]
    ],
    "take_money_out_safe": [
        [
            0.2172972708940506,
            -0.33512425422668457,
            0.7757259607315063
        ],
        [
            0.4576074182987213,
            0.245660200715065,
            0.7945342659950256
        ]
    ],
    "take_toilet_roll_off_stand": [
        [
            -0.08030451834201813,
            -0.37377458810806274,
            0.9497026205062866
        ],
        [
            0.46053266525268555,
            0.4470222592353821,
            0.9632148742675781
        ]
    ],
    "toilet_seat_down": [
        [
            -0.1316622495651245,
            -0.35816922783851624,
            1.1636159420013428
        ],
        [
            0.43321409821510315,
            0.3083770275115967,
            1.2223985195159912
        ]
    ],
    "sweep_to_dustpan": [
        [
            0.06908198446035385,
            -0.2627582848072052,
            1.0712590217590332
        ],
        [
            0.4241946041584015,
            0.26090675592422485,
            1.0795507431030273
        ]
    ],
    "take_plate_off_colored_dish_rack": [
        [
            -0.08732761442661285,
            -0.3865083158016205,
            0.8594199419021606
        ],
        [
            0.558426558971405,
            0.36841002106666565,
            1.0599428415298462
        ]
    ],
    "water_plants": [
        [
            0.17294424772262573,
            -0.3593810200691223,
            0.8823964595794678
        ],
        [
            0.33111628890037537,
            0.3513432741165161,
            1.4722193479537964
        ]
    ],
    "reach_and_drag": [
        [
            0.05097993090748787,
            -0.3523094058036804,
            0.8531230092048645
        ],
        [
            0.4526465833187103,
            0.34976446628570557,
            0.9966686964035034
        ]
    ],
    "screw_nail": [
        [
            -0.14362122118473053,
            -0.3697453737258911,
            0.8315156698226929
        ],
        [
            0.46530231833457947,
            0.44696399569511414,
            1.1810046434402466
        ]
    ],
    "setup_checkers": [
        [
            -0.008768725208938122,
            -0.422406941652298,
            0.7525140047073364
        ],
        [
            0.485668420791626,
            0.3901132643222809,
            0.8568703532218933
        ]
    ],
    "stack_wine": [
        [
            0.10748039186000824,
            -0.41677460074424744,
            0.8907675743103027
        ],
        [
            0.44981035590171814,
            0.2031947672367096,
            1.471533179283142
        ]
    ],
    "tower3": [
        [
            -0.026656748726963997,
            -0.4079053997993469,
            0.7738525867462158
        ],
        [
            0.516545295715332,
            0.3907974660396576,
            0.9740554094314575
        ]
    ],
    "wipe_desk": [
        [
            -0.09986346960067749,
            -0.45636600255966187,
            0.7651481628417969
        ],
        [
            0.5270109176635742,
            0.4887261986732483,
            1.4717410802841187
        ]
    ],
    "straighten_rope": [
        [
            -0.19136671721935272,
            -0.47088682651519775,
            0.7506194114685059
        ],
        [
            0.5068666338920593,
            0.47348397970199585,
            1.4716072082519531
        ]
    ],
    "tv_on": [
        [
            0.021157406270503998,
            -0.2944306433200836,
            0.7575903534889221
        ],
        [
            0.3788570761680603,
            0.2701631486415863,
            0.8426451683044434
        ]
    ],
    "slide_cabinet_open_and_place_cups": [
        [
            -0.9038863182067871,
            -0.4016008973121643,
            0.7759418487548828
        ],
        [
            0.4754253625869751,
            0.3876255750656128,
            1.1737593412399292
        ]
    ]
}